gx,gy,gz
-395,962,-1837
-245,762,-1486
-233,516,-1505
-1218,-938,-2598
-1732,-736,-2417
-2900,5193,-2870
-3064,10217,-2131
-2118,8279,-1249
-2037,4907,1981
-2675,3840,-444
-2591,3840,-1739
-2122,3890,-2100
-2352,3993,-1875
-2436,4156,-304
-2868,3669,-988
-3393,3575,-1783
-3017,4273,-1287
-2192,4412,1713
-1997,4380,1015
-823,3177,-620
-288,1849,-615
-278,4032,-974
-447,5081,-1186
-109,4239,-392
-451,4958,-446
-994,5105,-333
-1351,4378,-395
-3333,1354,106
-3441,1988,395
-2663,5522,-586
-1994,4770,-363
-304,4497,-853
-69,3802,-614
-1052,5831,-786
-1663,4910,-629
-2508,5592,-261
-2495,5315,-459
-2401,5237,-78
-2464,5024,-361
-2430,5104,-258
-2419,4883,-322
-2447,4968,-225
-2420,4771,-151
-2432,4909,-199
-2391,4743,-138
-2462,4844,-195
-2420,4733,-131
-2424,4768,-137
-2424,4751,-128
-2428,4751,-168
-2437,4738,-133
-2431,4727,-139
-2413,4784,-171
-2402,4772,-164
-2421,4782,-127
-2375,4769,-183
-2397,4802,-174
-2417,4834,-154
-2470,4799,-197
-2437,4792,-175
-2402,4775,-149
-2478,4825,-149
-2430,4813,-186
-2471,4812,-173
-2392,4765,-168
-2424,4796,-179
-2447,4789,-161
-2409,4764,-185
-2413,4759,-151
-2443,4817,-177
-2445,4763,-126
-2420,4774,-159
-2401,4762,-163
-2429,4769,-156
-2401,4779,-169
-2436,4777,-159
-2437,4772,-169
-2415,4773,-146
-2454,4800,-186
-2416,4802,-144
-2408,4762,-154
-2418,4795,-179
-2450,4801,-160
-2451,4767,-168
-2420,4771,-158
-2413,4775,-160
-2421,4784,-149
-2410,4771,-176
-2426,4790,-157
-2448,4756,-162
-2388,4767,-183
-2418,4796,-187
-2411,4810,-180
-2458,4795,-140
-2436,4770,-159
-2429,4800,-152
-2431,4761,-192
-2430,4795,-169
-2407,4760,-161
-2469,4775,-173
-2417,4742,-151
-2453,4748,-164
-2425,4775,-148
-2418,4784,-196
-2406,4765,-139
-2450,4815,-189
-2452,4752,-154
-2420,4760,-179
-2436,4811,-171
-2436,4811,-153
-2449,4776,-168
-2413,4812,-152
-2403,4788,-181
-2430,4789,-138
-2418,4795,-164
-2412,4767,-136
-2398,4755,-131
-2417,4777,-167
-2427,4784,-157
-2417,4786,-178
-2418,4783,-152
-2444,4802,-161
-2394,4793,-142
-2417,4820,-171
-2447,4788,-181
-2421,4801,-175
-2409,4790,-171
-2428,4808,-162
-2422,4759,-178
-2432,4777,-149
-2447,4803,-143
-2437,4773,-137
-2452,4756,-177
-2441,4797,-150
-2398,4778,-142
-2416,4766,-168
-2432,4768,-168
-2423,4799,-174
-2414,4759,-169
-2442,4775,-174
-2392,4779,-142
-2399,4781,-196
-2411,4785,-175
-2444,4778,-144
-2417,4804,-177
-2429,4775,-200
-2441,4780,-176
-2474,4797,-143
-2411,4791,-167
-2450,4790,-175
-2427,4778,-163
-2475,4795,-139
-2439,4785,-115
-2438,4799,-204
-2450,4773,-151
-2427,4809,-185
-2402,4766,-192
-2442,4766,-168
-2438,4759,-184
-2421,4756,-148
-2393,4760,-174
-2429,4793,-137
-2421,4811,-165
-2427,4765,-133
-2450,4804,-142
-2405,4768,-139
-2439,4816,-157
-2429,4793,-129
-2402,4821,-141
-2411,4771,-176
-2459,4785,-149
-2429,4788,-186
-2420,4792,-177
-2420,4795,-184
-2446,4796,-151
-2415,4808,-181
-2433,4761,-178
-2438,4794,-154
-2414,4777,-189
-2439,4772,-157
-2437,4787,-165
-2427,4772,-155
-2452,4793,-162
-2468,4752,-161
-2433,4796,-172
-2413,4771,-191
-2409,4795,-148
-2415,4775,-175
-2423,4784,-140
-2423,4794,-181
-2412,4765,-151
-2438,4808,-165
-2394,4771,-177
-2412,4790,-172
-2469,4772,-156
-2419,4787,-180
-2415,4783,-182
-2429,4796,-155
-2402,4782,-151
-2449,4783,-136
-2439,4748,-124
-2440,4794,-130
-2438,4810,-146
-2456,4790,-167
-2458,4796,-151
-2438,4765,-183
-2402,4800,-169
-2454,4771,-172
-2405,4787,-169
-2420,4792,-161
-2472,4789,-190
-2444,4808,-167
-2421,4771,-175
-2394,4744,-152
-2453,4784,-148
-2437,4780,-152
-2439,4789,-196
-2448,4798,-158
-2425,4795,-159
-2429,4810,-171
-2433,4776,-154
-2398,4799,-183
-2440,4788,-148
-2419,4806,-177
-2399,4792,-147
-2410,4793,-160
-2417,4805,-161
-2424,4809,-160
-2413,4797,-192
-2443,4783,-126
-2389,4812,-171
-2417,4768,-171
-2408,4833,-138
-2431,4797,-170
-2417,4770,-160
-2431,4795,-161
-2435,4806,-138
-2462,4795,-218
-2434,4814,-169
-2424,4795,-193
-2459,4756,-159
-2434,4797,-165
-2431,4783,-198
-2433,4774,-150
-2441,4787,-183
-2407,4774,-160
-2425,4759,-172
-2403,4769,-161
-2419,4761,-165
-2438,4775,-163
-2436,4790,-156
-2450,4823,-163
-2444,4791,-154
-2421,4808,-161
-2429,4786,-148
-2412,4790,-191
-2450,4819,-136
-2437,4780,-153
-2444,4778,-156
-2415,4804,-151
-2439,4766,-157
-2430,4757,-170
-2445,4821,-191
-2415,4775,-151
-2420,4784,-137
-2433,4806,-152
-2434,4806,-161
-2426,4766,-144
-2387,4809,-144
-2435,4823,-156
-2430,4816,-153
-2407,4779,-160
-2458,4809,-176
-2414,4793,-171
-2425,4757,-149
-2462,4825,-145
-2440,4777,-180
-2429,4769,-139
-2418,4811,-186
-2416,4765,-179
-2428,4788,-179
-2407,4764,-143
-2409,4787,-183
-2459,4797,-145
-2410,4813,-141
-2456,4796,-147
-2392,4798,-133
-2451,4803,-150
-2416,4794,-144
-2415,4788,-174
-2435,4781,-145
-2434,4776,-198
-2417,4792,-177
-2404,4786,-147
-2439,4786,-162
-2411,4765,-161
-2424,4781,-152
-2416,4782,-149
-2411,4783,-169
-2424,4769,-170
-2450,4800,-163
-2432,4811,-131
-2413,4820,-141
-2395,4795,-178
-2428,4801,-151
-2429,4803,-159
-2442,4787,-159
-2428,4799,-187
-2434,4786,-133
-2414,4790,-179
-2420,4786,-154
-2426,4799,-152
-2470,4818,-174
-2405,4775,-154
-2387,4769,-146
-2437,4801,-134
-2414,4802,-185
-2476,4784,-181
-2436,4754,-175
-2424,4757,-132
-2424,4750,-151
-2426,4799,-152
-2417,4778,-141
-2437,4791,-180
-2421,4789,-160
-2382,4763,-162
-2401,4803,-164
-2433,4763,-168
-2443,4814,-170
-2429,4768,-142
-2431,4760,-164
-2437,4791,-168
-2405,4777,-158
-2413,4813,-145
-2413,4785,-131
-2413,4808,-144
-2436,4791,-130
-2424,4771,-187
-2455,4768,-137
-2433,4805,-148
-2431,4777,-145
-2396,4797,-165
-2430,4803,-162
-2424,4803,-167
-2443,4780,-153
-2401,4783,-163
-2428,4807,-167
-2407,4774,-148
-2451,4792,-174
-2434,4805,-156
-2427,4749,-178
-2430,4765,-155
-2424,4770,-170
-2431,4797,-135
-2429,4816,-150
-2474,4780,-140
-2453,4787,-147
-2407,4790,-176
-2426,4799,-151
-2413,4813,-170
-2385,4828,-200
-2411,4794,-196
-2440,4795,-172
-2399,4809,-183
-2437,4765,-176
-2421,4788,-130
-2433,4802,-183
-2424,4772,-143
-2412,4801,-154
-2448,4766,-186
-2435,4796,-136
-2427,4794,-147
-2409,4778,-152
-2419,4804,-160
-2422,4779,-159
-2407,4754,-199
-2429,4776,-166
-2423,4803,-149
-2399,4765,-155
-2440,4798,-161
-2424,4784,-180
-2431,4805,-149
-2444,4768,-190
-2410,4773,-168
-2429,4802,-156
-2424,4817,-136
-2425,4808,-185
-2416,4816,-136
-2428,4817,-145
-2454,4776,-142
-2450,4803,-151
-2386,4785,-144
-2414,4789,-138
-2416,4762,-161
-2429,4785,-168
-2411,4772,-173
-2424,4768,-170
-2393,4752,-158
-2424,4794,-166
-2420,4808,-173
-2402,4782,-200
-2381,4765,-172
-2436,4786,-189
-2450,4789,-126
-2380,4786,-148
-2422,4809,-169
-2445,4751,-168
-2400,4768,-178
-2411,4780,-143
-2415,4793,-173
-2442,4764,-157
-2416,4779,-183
-2427,4795,-163
-2435,4782,-148
-2452,4806,-183
-2418,4769,-168
-2379,4780,-158
-2441,4792,-173
-2407,4761,-159
-2404,4760,-169
-2417,4787,-143
-2466,4817,-135
-2445,4812,-145
-2432,4781,-145
-2444,4792,-167
-2421,4799,-188
-2456,4766,-151
-2415,4783,-160
-2416,4753,-131
-2421,4791,-193
-2401,4790,-154
-2407,4765,-156
-2418,4783,-187
-2451,4775,-149
-2404,4791,-134
-2422,4778,-163
-2396,4792,-157
-2464,4795,-147
-2413,4790,-159
-2409,4802,-153
-2453,4806,-165
-2433,4802,-139
-2452,4806,-152
-2423,4765,-147
-2394,4801,-191
-2405,4803,-168
-2458,4776,-178
-2432,4769,-169
-2445,4753,-188
-2414,4777,-164
-2461,4827,-176
-2424,4788,-160
-2421,4778,-171
-2457,4766,-147
-2422,4808,-174
-2442,4815,-179
-2415,4821,-144
-2466,4779,-168
-2416,4812,-147
-2399,4779,-142
-2434,4807,-159
-2455,4800,-169
-2426,4760,-162
-2423,4751,-143
-2416,4800,-191
-2438,4809,-178
-2425,4815,-176
-2412,4754,-135
-2411,4811,-149
-2420,4812,-124
-2412,4827,-166
-2429,4805,-153
-2446,4795,-155
-2436,4799,-158
-2428,4782,-170
-2483,4773,-174
-2417,4783,-132
-2427,4759,-165
-2473,4816,-160
-2404,4784,-154
-2448,4788,-135
-2409,4780,-201
-2437,4806,-187
-2404,4792,-180
-2435,4824,-152
-2452,4765,-140
-2440,4780,-151
-2396,4760,-134
-2433,4778,-163
-2460,4815,-133
-2449,4792,-164
-2445,4836,-163
-2447,4833,-176
-2451,4773,-167
-2454,4778,-189
-2400,4796,-170
-2407,4787,-153
-2436,4775,-189
-2430,4809,-168
-2411,4781,-162
-2442,4789,-183
-2452,4769,-139
-2417,4805,-174
-2428,4811,-125
-2404,4792,-185
-2433,4815,-143
-2438,4788,-162
-2435,4781,-131
-2407,4803,-134
-2436,4785,-162
-2438,4796,-113
-2437,4803,-159
-2431,4802,-182
-2450,4817,-171
-2396,4788,-151
-2433,4775,-143
-2414,4777,-158
-2431,4791,-169
-2419,4815,-161
-2454,4786,-141
-2427,4813,-166
-2429,4799,-155
-2432,4806,-145
-2448,4827,-131
-2428,4818,-142
-2425,4797,-187
-2431,4797,-148
-2439,4784,-182
-2451,4812,-169
-2435,4804,-194
-2456,4801,-161
-2405,4769,-177
-2423,4796,-163
-2418,4795,-158
-2437,4812,-163
-2422,4791,-154
-2445,4805,-153
-2431,4827,-150
-2429,4820,-148
-2421,4813,-126
-2397,4782,-131
-2442,4805,-170
-2418,4781,-167
-2433,4785,-174
-2435,4797,-152
-2431,4797,-180
-2419,4774,-154
-2400,4779,-173
-2421,4797,-165
-2427,4785,-184
-2437,4795,-165
-2433,4769,-158
-2425,4817,-169
-2426,4747,-153
-2439,4771,-166
-2420,4770,-167
-2448,4794,-176
-2421,4794,-159
-2462,4810,-160
-2447,4833,-183
-2398,4783,-121
-2446,4810,-166
-2429,4802,-155
-2420,4797,-162
-2433,4767,-158
-2424,4776,-190
-2442,4772,-148
-2427,4817,-142
-2417,4735,-154
-2433,4795,-124
-2436,4795,-166
-2424,4772,-157
-2426,4759,-149
-2443,4823,-164
-2473,4783,-139
-2413,4773,-190
-2391,4785,-135
-2427,4741,-186
-2445,4791,-159
-2429,4790,-168
-2425,4807,-140
-2422,4749,-183
-2445,4782,-167
-2412,4792,-152
-2418,4781,-173
-2426,4771,-174
-2396,4786,-156
-2422,4793,-154
-2429,4818,-170
-2420,4778,-141
-2451,4802,-140
-2402,4786,-157
-2414,4781,-149
-2431,4824,-168
-2426,4790,-145
-2401,4804,-165
-2423,4781,-173
-2396,4774,-196
-2430,4791,-161
-2404,4778,-129
-2432,4818,-180
-2415,4807,-163
-2441,4794,-166
-2445,4824,-173
-2432,4803,-170
-2401,4808,-185
-2449,4816,-177
-2398,4759,-161
-2416,4784,-166
-2409,4728,-123
-2451,4817,-139
-2461,4830,-176
-2423,4791,-150
-2414,4807,-159
-2468,4789,-139
-2412,4814,-161
-2402,4792,-170
-2445,4792,-171
-2396,4786,-170
-2451,4795,-153
-2410,4785,-172
-2432,4803,-165
-2415,4791,-161
-2419,4782,-163
-2424,4782,-172
-2454,4806,-180
-2452,4804,-162
-2412,4789,-170
-2433,4783,-149
-2424,4784,-178
-2426,4780,-144
-2410,4765,-193
-2471,4789,-150
-2453,4764,-181
-2433,4804,-158
-2420,4761,-145
-2402,4793,-147
-2446,4793,-159
-2453,4803,-162
-2445,4758,-138
-2410,4749,-163
-2444,4777,-172
-2407,4752,-167
-2428,4810,-147
-2417,4778,-135
-2440,4798,-176
-2441,4780,-137
-2405,4764,-187
-2446,4828,-146
-2443,4784,-170
-2439,4803,-182
-2428,4822,-182
-2460,4797,-175
-2418,4786,-153
-2424,4808,-186
-2430,4824,-168
-2388,4779,-210
-2424,4789,-150
-2460,4793,-157
-2477,4796,-142
-2437,4760,-111
-2457,4812,-168
-2398,4770,-142
-2434,4774,-155
-2429,4786,-162
-2428,4779,-151
-2432,4782,-157
-2396,4769,-181
-2453,4805,-202
-2426,4797,-158
-2440,4794,-195
-2432,4786,-172
-2444,4768,-190
-2451,4825,-163
-2421,4758,-176
-2449,4801,-147
-2399,4768,-150
-2429,4802,-146
-2456,4808,-141
-2463,4802,-191
-2413,4794,-176
-2428,4773,-183
-2448,4824,-176
-2425,4779,-162
-2433,4793,-179
-2396,4774,-171
-2438,4824,-173
-2408,4805,-191
-2410,4780,-144
-2441,4801,-118
-2421,4799,-194
-2434,4781,-133
-2407,4796,-166
-2399,4793,-166
-2445,4778,-182
-2420,4770,-158
-2437,4777,-146
-2440,4798,-145
-2418,4809,-147
-2452,4773,-164
-2433,4814,-140
-2416,4768,-163
-2429,4819,-171
-2400,4757,-164
-2442,4758,-178
-2440,4802,-166
-2389,4768,-151
-2454,4775,-149
-2436,4782,-181
-2415,4762,-138
-2446,4818,-174
-2417,4740,-183
-2426,4816,-171
-2414,4760,-175
-2459,4803,-151
-2411,4760,-153
-2453,4796,-142
-2421,4799,-178
-2424,4820,-155
-2437,4800,-163
-2434,4822,-187
-2400,4798,-164
-2439,4777,-166
-2444,4803,-168
-2418,4788,-214
-2422,4766,-156
-2418,4817,-183
-2444,4801,-184
-2415,4792,-146
-2409,4779,-148
-2442,4776,-132
-2424,4807,-169
-2445,4801,-162
-2434,4800,-154
-2424,4803,-175
-2425,4804,-175
-2423,4790,-193
-2408,4808,-144
-2421,4770,-144
-2403,4760,-158
-2452,4794,-186
-2443,4782,-138
-2427,4794,-159
-2426,4762,-164
-2426,4803,-156
-2422,4770,-169
-2434,4803,-140
-2417,4798,-171
-2407,4779,-138
-2405,4743,-155
-2442,4805,-155
-2425,4821,-175
-2451,4780,-163
-2441,4780,-193
-2441,4784,-151
-2446,4786,-165
-2429,4787,-185
-2460,4765,-164
-2431,4737,-147
-2441,4762,-109
-2450,4784,-160
-2431,4817,-157
-2447,4775,-184
-2402,4820,-166
-2418,4753,-149
-2411,4754,-158
-2430,4830,-161
-2413,4773,-166
-2439,4791,-188
-2392,4772,-153
-2448,4795,-172
-2421,4829,-148
-2402,4777,-168
-2418,4756,-169
-2440,4819,-171
-2438,4748,-171
-2402,4759,-172
-2428,4782,-187
-2434,4777,-166
-2414,4785,-180
-2421,4817,-145
-2423,4797,-151
-2412,4748,-179
-2434,4791,-153
-2397,4770,-147
-2421,4838,-146
-2435,4791,-150
-2424,4815,-158
-2431,4814,-152
-2414,4789,-148
-2434,4787,-189
-2433,4748,-138
-2403,4797,-159
-2400,4791,-171
-2457,4810,-173
-2422,4810,-163
-2442,4776,-173
-2425,4832,-164
-2422,4790,-163
-2397,4809,-190
-2401,4775,-148
-2435,4750,-195
-2432,4782,-183
-2449,4797,-176
-2443,4782,-159
-2430,4770,-146
-2420,4796,-146
-2458,4763,-152
-2440,4784,-159
-2445,4782,-123
-2444,4804,-184
-2449,4788,-135
-2407,4762,-168
-2430,4791,-157
-2425,4762,-176
-2430,4799,-156
-2429,4791,-145
-2402,4801,-178
-2418,4784,-148
-2411,4781,-180
-2411,4783,-178
-2433,4815,-166
-2424,4770,-157
-2439,4791,-165
-2438,4779,-203
-2421,4771,-145
-2412,4788,-136
-2420,4777,-161
-2442,4792,-163
-2424,4775,-172
-2436,4788,-178
-2443,4774,-172
-2442,4796,-175
-2437,4811,-157
-2438,4777,-181
-2460,4772,-191
-2432,4756,-169
-2454,4844,-152
-2425,4808,-130
-2429,4769,-154
-2438,4806,-177
-2410,4778,-157
-2468,4811,-150
-2446,4808,-155
-2393,4790,-175
-2407,4804,-164
-2415,4773,-154
-2408,4808,-174
-2419,4800,-161
-2429,4828,-168
-2419,4795,-180
-2418,4792,-165
-2417,4778,-150
-2432,4778,-160
-2444,4769,-152
-2432,4792,-150
-2450,4820,-164
-2407,4786,-136
-2431,4812,-145
-2477,4801,-163
-2439,4801,-171
-2415,4781,-158
-2405,4783,-183
-2463,4753,-143
-2395,4786,-147
-2431,4803,-149
-2445,4801,-159
-2444,4822,-164
-2420,4780,-166
-2430,4804,-140
-2426,4810,-152
-2466,4772,-174
-2470,4809,-173
-2417,4764,-145
-2451,4777,-160
-2435,4770,-137
-2439,4772,-178
-2434,4779,-150
-2436,4814,-149
-2416,4762,-165
-2400,4803,-142
-2431,4765,-173
-2422,4788,-183
-2390,4767,-170
-2442,4783,-147
-2400,4801,-166
-2422,4788,-157
-2400,4807,-163
-2422,4771,-144
-2400,4756,-156
-2434,4791,-158
-2421,4778,-157
-2430,4802,-170
-2436,4769,-144
-2444,4788,-161
-2421,4788,-175
-2382,4797,-155
-2451,4826,-176
-2392,4742,-213
-2452,4755,-183
-2418,4798,-190
-2385,4781,-149
-2403,4742,-157
-2418,4796,-161
-2453,4776,-161
-2440,4798,-135
-2439,4753,-150
-2405,4760,-170
-2435,4796,-163
-2425,4769,-136
-2425,4795,-143
-2436,4749,-138
-2403,4836,-191
-2438,4792,-160
-2411,4756,-146
-2408,4793,-160
-2429,4794,-146
-2438,4828,-170
-2444,4795,-133
-2415,4791,-173
-2430,4804,-150
-2443,4807,-165
-2440,4795,-183
-2393,4781,-189
-2418,4791,-139
-2423,4759,-155
-2417,4761,-141
-2434,4767,-180
-2441,4820,-176
-2457,4759,-172
-2403,4807,-192
-2421,4775,-164
-2394,4782,-154
-2429,4762,-169
-2426,4769,-179
-2409,4804,-181
-2423,4759,-145
-2432,4817,-159
-2396,4787,-144
-2421,4804,-157
-2427,4835,-153
-2405,4764,-163
-2423,4792,-168
-2452,4783,-154
-2432,4790,-138
-2423,4776,-145
-2401,4750,-167
-2426,4798,-120
-2435,4764,-166
-2433,4782,-169
-2419,4801,-148
-2410,4743,-177
-2405,4777,-153
-2429,4767,-136
-2436,4779,-143
-2417,4774,-179
-2434,4765,-137
-2441,4796,-162
-2440,4752,-169
-2433,4790,-132
-2467,4792,-151
-2453,4797,-144
-2418,4816,-169
-2460,4769,-143
-2426,4792,-171
-2459,4796,-188
-2424,4783,-165
-2419,4794,-156
-2409,4746,-171
-2435,4816,-173
-2418,4784,-137
-2454,4778,-158
-2416,4763,-156
-2427,4770,-185
-2418,4775,-163
-2414,4777,-189
-2439,4779,-175
-2408,4792,-144
-2417,4777,-160
-2427,4757,-159
-2448,4815,-186
-2436,4788,-150
-2425,4813,-152
-2451,4800,-156
-2395,4793,-184
-2425,4766,-159
-2452,4774,-154
-2458,4822,-180
-2434,4755,-145
-2422,4812,-181
-2452,4790,-138
-2435,4785,-157
-2430,4779,-150
-2454,4821,-157
-2389,4800,-147
-2416,4772,-142
-2413,4802,-152
-2441,4822,-162
-2448,4821,-169
-2437,4762,-154
-2427,4778,-154
-2424,4803,-172
-2397,4790,-144
-2432,4802,-165
-2426,4809,-149
-2404,4789,-169
-2421,4776,-150
-2396,4779,-163
-2403,4781,-148
-2430,4751,-177
-2414,4799,-167
-2425,4770,-164
-2440,4811,-163
-2404,4793,-161
-2425,4797,-158
-2433,4791,-170
-2450,4791,-178
-2457,4774,-144
-2433,4771,-146
-2425,4768,-164
-2419,4775,-138
-2444,4790,-151
-2445,4785,-135
-2422,4794,-163
-2418,4787,-146
-2447,4802,-181
-2462,4786,-152
-2423,4795,-182
-2448,4756,-155
-2416,4781,-155
-2411,4766,-161
-2429,4782,-162
-2406,4799,-166
-2428,4783,-163
-2393,4746,-184
-2438,4754,-155
-2406,4801,-172
-2427,4807,-162
-2466,4774,-135
-2419,4771,-154
-2440,4793,-146
-2404,4775,-157
-2433,4821,-154
-2436,4786,-160
-2414,4768,-159
-2475,4815,-153
-2415,4779,-161
-2409,4753,-134
-2452,4763,-162
-2403,4790,-168
-2444,4768,-172
-2441,4790,-149
-2414,4784,-156
-2429,4765,-179
-2421,4771,-158
-2413,4781,-157
-2421,4784,-159
-2386,4754,-143
-2482,4819,-145
-2426,4786,-151
-2397,4770,-114
-2409,4778,-153
-2410,4778,-150
-2427,4785,-178
-2412,4757,-170
-2460,4794,-147
-2456,4790,-164
-2419,4758,-180
-2435,4807,-187
-2445,4775,-178
-2408,4743,-145
-2463,4812,-175
-2432,4788,-187
-2418,4764,-181
-2435,4831,-170
-2387,4757,-156
-2428,4774,-158
-2429,4785,-179
-2426,4788,-167
-2415,4780,-179
-2395,4780,-133
-2413,4832,-119
-2428,4814,-199
-2408,4774,-151
-2425,4770,-185
-2400,4766,-149
-2425,4801,-177
-2445,4812,-177
-2423,4826,-162
-2444,4808,-178
-2458,4781,-167
-2440,4816,-179
-2446,4793,-151
-2477,4786,-202
-2399,4769,-162
-2401,4805,-137
-2434,4745,-160
-2408,4820,-139
-2467,4799,-175
-2426,4757,-164
-2436,4805,-179
-2429,4778,-171
-2435,4783,-167
-2432,4807,-175
-2397,4809,-165
-2432,4798,-196
-2409,4819,-158
-2453,4816,-201
-2424,4787,-125
-2407,4786,-188
-2405,4752,-183
-2439,4746,-173
-2437,4790,-158
-2446,4802,-173
-2394,4771,-159
-2433,4781,-138
-2401,4766,-164
-2451,4816,-122
-2426,4769,-176
-2413,4805,-154
-2414,4798,-156
-2443,4753,-205
-2402,4792,-176
-2421,4764,-148
-2405,4783,-167
-2415,4775,-173
-2448,4818,-151
-2422,4818,-160
-2464,4805,-150
-2424,4803,-143
-2457,4808,-145
-2443,4769,-147
-2431,4798,-164
-2425,4781,-178
-2434,4758,-132
-2420,4802,-143
-2398,4765,-214
-2427,4786,-141
-2415,4798,-181
-2454,4796,-180
-2405,4764,-169
-2431,4786,-176
-2414,4789,-148
-2416,4825,-174
-2442,4796,-171
-2403,4756,-167
-2491,4767,-125
-2409,4762,-141
-2423,4790,-196
-2454,4775,-152
-2409,4790,-139
-2406,4778,-156
-2420,4786,-184
-2453,4774,-163
-2456,4802,-172
-2410,4801,-154
-2433,4792,-191
-2413,4813,-176
-2462,4793,-152
-2448,4810,-167
-2424,4817,-132
-2400,4785,-150
-2430,4791,-154
-2432,4802,-131
-2456,4796,-145
-2416,4790,-115
-2411,4785,-190
-2431,4787,-161
-2407,4772,-143
-2448,4803,-141
-2441,4795,-190
-2413,4795,-173
-2412,4790,-162
-2416,4760,-194
-2445,4823,-147
-2431,4790,-139
-2418,4780,-134
-2405,4794,-177
-2433,4797,-175
-2451,4779,-163
-2445,4808,-153
-2436,4826,-151
-2420,4776,-174
-2416,4790,-141
-2390,4793,-160
-2413,4775,-136
-2439,4758,-169
-2420,4783,-172
-2435,4795,-161
-2412,4798,-189
-2424,4763,-139
-2379,4779,-176
-2429,4741,-135
-2398,4770,-183
-2431,4759,-150
-2459,4763,-156
-2403,4780,-140
-2379,4787,-129
-2406,4799,-173
-2412,4779,-157
-2439,4787,-183
-2422,4774,-153
-2441,4795,-157
-2448,4793,-151
-2422,4811,-147
-2435,4735,-157
-2398,4787,-167
-2415,4763,-166
-2434,4788,-135
-2399,4775,-169
-2435,4806,-157
-2429,4803,-197
-2429,4812,-121
-2423,4788,-172
-2437,4852,-157
-2419,4791,-132
-2465,4791,-164
-2401,4757,-158
-2431,4764,-142
-2447,4815,-171
-2429,4803,-170
-2424,4810,-175
-2442,4791,-173
-2427,4776,-192
-2436,4790,-180
-2435,4772,-165
-2415,4765,-148
-2412,4794,-191
-2421,4777,-167
-2409,4782,-165
-2477,4779,-162
-2457,4818,-174
-2442,4809,-163
-2462,4817,-167
-2423,4802,-157
-2428,4749,-130
-2414,4786,-166
-2430,4810,-146
-2420,4800,-158
-2411,4806,-141
-2429,4816,-175
-2417,4779,-149
-2406,4815,-161
-2423,4786,-169
-2420,4803,-140
-2431,4786,-160
-2438,4766,-164
-2412,4791,-185
-2432,4803,-155
-2418,4777,-113
-2412,4762,-162
-2467,4821,-144
-2413,4797,-172
-2450,4817,-164
-2392,4789,-155
-2433,4776,-154
-2417,4809,-191
-2417,4778,-165
-2418,4800,-144
-2420,4802,-170
-2431,4787,-179
-2426,4793,-156
-2426,4764,-127
-2392,4798,-136
-2453,4822,-139
-2439,4804,-167
-2469,4816,-143
-2424,4788,-153
-2407,4771,-180
-2444,4814,-150
-2400,4782,-189
-2445,4784,-147
-2415,4803,-198
-2441,4795,-187
-2432,4796,-182
-2419,4794,-183
-2406,4775,-162
-2452,4797,-176
-2404,4768,-141
-2455,4818,-169
-2442,4762,-178
-2413,4819,-164
-2435,4826,-172
-2411,4780,-179
-2414,4787,-179
-2437,4784,-146
-2479,4854,-173
-2433,4813,-137
-2440,4791,-160
-2405,4795,-158
-2413,4789,-133
-2428,4779,-154
-2437,4810,-144
-2405,4779,-167
-2431,4780,-140
-2423,4795,-160
-2423,4768,-176
-2434,4771,-179
-2450,4770,-175
-2453,4771,-171
-2466,4824,-164
-2428,4790,-143
-2425,4784,-176
-2443,4749,-154
-2410,4777,-173
-2422,4746,-150
-2443,4819,-151
-2438,4806,-139
-2421,4782,-174
-2430,4778,-163
-2418,4788,-136
-2441,4798,-176
-2414,4780,-130
-2410,4769,-165
-2426,4789,-145
-2415,4789,-150
-2446,4779,-152
-2424,4762,-149
-2440,4799,-167
-2410,4772,-158
-2410,4807,-183
-2397,4740,-130
-2396,4771,-167
-2451,4796,-169
-2427,4799,-178
-2408,4798,-139
-2435,4786,-145
-2414,4752,-171
-2449,4787,-153
-2442,4775,-165
-2451,4803,-161
-2410,4787,-150
-2429,4808,-168
-2447,4784,-173
-2411,4785,-153
-2432,4833,-181
-2438,4800,-155
-2405,4796,-164
-2393,4762,-175
-2431,4775,-131
-2416,4771,-119
-2428,4791,-159
-2422,4790,-148
-2424,4815,-131
-2427,4802,-137
-2416,4812,-175
-2428,4798,-141
-2410,4818,-165
-2414,4794,-175
-2417,4780,-195
-2414,4827,-179
-2457,4760,-156
-2412,4771,-165
-2402,4783,-196
-2462,4836,-177
-2457,4804,-149
-2426,4760,-168
-2408,4768,-154
-2400,4812,-175
-2448,4824,-162
-2429,4780,-123
-2401,4750,-153
-2411,4802,-125
-2432,4819,-126
-2461,4759,-166
-2454,4821,-156
-2424,4816,-156
-2418,4797,-152
-2409,4790,-165
-2438,4809,-192
-2442,4808,-161
-2414,4788,-149
-2391,4761,-146
-2449,4784,-167
-2408,4792,-175
-2421,4758,-153
-2434,4778,-183
-2404,4763,-162
-2422,4828,-139
-2453,4783,-196
-2429,4794,-141
-2429,4807,-178
-2419,4758,-139
-2440,4785,-174
-2419,4794,-164
-2446,4816,-169
-2456,4801,-174
-2416,4770,-162
-2388,4748,-153
-2473,4757,-148
-2434,4792,-167
-2455,4762,-148
-2454,4793,-177
-2447,4785,-177
-2437,4808,-164
-2411,4759,-158
-2417,4797,-131
-2429,4765,-175
-2411,4776,-164
-2427,4785,-191
-2452,4811,-148
-2443,4771,-187
-2418,4782,-190
-2417,4762,-159
-2430,4790,-180
-2444,4785,-162
-2433,4773,-166
-2447,4820,-149
-2400,4742,-157
-2441,4830,-167
-2469,4800,-166
-2445,4815,-157
-2424,4785,-107
-2470,4787,-155
-2433,4801,-142
-2432,4787,-165
-2409,4785,-167
-2470,4805,-198
-2437,4823,-148
-2417,4785,-203
-2397,4776,-173
-2435,4788,-184
-2425,4775,-173
-2429,4806,-159
-2424,4769,-176
-2402,4795,-155
-2395,4818,-146
-2454,4794,-144
-2436,4795,-178
-2427,4764,-151
-2435,4790,-171
-2442,4785,-182
-2400,4763,-143
-2432,4786,-178
-2431,4752,-153
-2453,4794,-170
-2398,4773,-175
-2427,4805,-189
-2414,4790,-182
-2418,4812,-149
-2435,4783,-170
-2417,4811,-140
-2381,4755,-157
-2442,4819,-131
-2427,4781,-143
-2451,4811,-173
-2438,4793,-157
-2419,4804,-145
-2429,4782,-134
-2451,4809,-185
-2446,4798,-157
-2418,4768,-202
-2430,4801,-160
-2441,4801,-207
-2424,4795,-193
-2436,4770,-161
-2419,4763,-159
-2441,4816,-174
-2443,4816,-152
-2442,4831,-176
-2414,4823,-138
-2460,4792,-157
-2435,4746,-146
-2433,4741,-160
-2455,4806,-135
-2428,4809,-191
-2434,4805,-149
-2443,4811,-163
-2429,4807,-169
-2402,4792,-163
-2447,4780,-175
-2429,4799,-179
-2436,4815,-165
-2450,4782,-148
-2444,4763,-174
-2426,4798,-138
-2415,4796,-171
-2423,4771,-151
-2445,4786,-174
-2450,4795,-147
-2417,4796,-158
-2421,4782,-179
-2392,4777,-163
-2429,4773,-181
-2453,4806,-145
-2455,4811,-179
-2474,4831,-151
-2438,4805,-177
-2416,4766,-163
-2426,4817,-175
-2423,4796,-160
-2458,4779,-130
-2415,4809,-211
-2456,4781,-146
-2461,4836,-161
-2455,4815,-130
-2424,4815,-180
-2441,4827,-130
-2442,4830,-157
-2374,4747,-191
